Date,Close,Open,High,Low,MACD_12_26_9,MACDh_12_26_9,MACDs_12_26_9,MACD_Entry/Exit,side,cost/proceeds,shares
5/27/2020,294.8590393,293.4893153,294.8979049,288.3892924,4.620964824,1.319055703,3.30190912,1,buy,-29485.90393,100
5/28/2020,294.315033,295.9470331,298.0744736,293.6058763,4.971238553,1.335463546,3.635775007,0,hold,,100
5/29/2020,295.6264648,293.8195842,296.2481665,290.9150094,5.293632895,1.326286311,3.967346585,0,hold,,100
6/1/2020,296.8212891,294.9464308,297.4624383,294.4024308,5.581208367,1.291089426,4.290118941,0,hold,,100
6/2/2020,299.2790527,297.7927615,299.3276422,296.3842015,5.938974191,1.3190842,4.619889991,0,hold,,100
6/3/2020,303.2619019,301.3773197,304.2722003,301.0859017,6.46931459,1.479539679,4.989774911,0,hold,,100
6/4/2020,302.4653625,302.2225043,304.0585269,300.2504965,6.74755747,1.406226047,5.341331423,0,hold,,100
6/5/2020,310.2173462,308.1676372,312.0922044,308.0996298,7.507050644,1.732575377,5.774475267,0,hold,,100
6/8/2020,313.9670715,311.0721913,314.1710641,310.4990496,8.315668108,2.032954273,6.282713835,0,hold,,100
6/9/2020,311.625946,311.1499238,314.0448043,310.2367746,8.667678412,1.907971661,6.759706751,0,hold,,100
6/10/2020,309.8871155,312.2379963,313.1802875,309.129399,8.705982867,1.557020893,7.148961974,0,hold,,100
6/11/2020,292.0224304,302.5624833,303.2327744,291.4395944,7.211676919,0.050171956,7.161504963,0,hold,,100
6/12/2020,295.5196228,299.4344966,300.2504967,290.0698979,6.237718353,-0.739029288,6.976747641,-2,sell,29551.96228,0
6/15/2020,298.2784424,289.506405,299.4733155,288.2629721,5.623637068,-1.082488458,6.706125526,0,hold,,0
6/16/2020,304.0196533,306.4676834,306.6231162,298.8807943,5.536420558,-0.935763975,6.472184533,0,hold,,0
6/17/2020,302.7568054,305.0979625,305.4088281,301.9796413,5.304255418,-0.934343291,6.23859871,0,hold,,0
6/18/2020,302.8733826,301.1539568,303.3785171,300.6682403,5.0712119,-0.933909447,6.005121348,0,hold,,0
6/19/2020,301.1424561,306.5381188,306.743009,299.0836972,4.692756751,-1.049891677,5.742648429,0,hold,,0
6/22/2020,303.0742798,300.5081641,303.4938269,299.2982963,4.496873194,-0.996620188,5.493493382,0,hold,,0
6/23/2020,304.4696045,305.8746261,306.8601005,304.0402907,4.403464706,-0.872022941,5.275487646,0,hold,,0
6/24/2020,296.7030029,302.3133232,302.9670606,294.7613538,3.660541524,-1.291956898,4.952498422,0,hold,,0
6/25/2020,299.8837585,296.098008,300.1667221,293.9612058,3.29049912,-1.329599441,4.620098562,0,hold,,0
6/26/2020,292.7611389,298.7227296,298.9471531,292.146468,2.394895111,-1.78016276,4.175057872,0,hold,,0
6/29/2020,297.0639648,294.0880682,297.210315,291.6683023,2.00916418,-1.732714954,3.741879133,0,hold,,0
6/30/2020,300.8692627,296.6054241,302.6645914,296.4395704,1.987613402,-1.403412585,3.391025987,0,hold,,0
7/1/2020,302.9768066,302.049902,304.3135515,301.5620481,2.116201188,-1.019859839,3.136061027,0,hold,,0
7/2/2020,304.6452332,306.6063854,308.0309401,303.9427224,2.325924204,-0.648109458,2.974033662,0,hold,,0
7/6/2020,309.348114,308.6846399,309.9628146,307.8943191,2.838889437,-0.10811538,2.947004817,0,hold,,0
7/7/2020,306.1575623,307.7187005,309.8066995,305.7575185,2.95391631,0.005529194,2.948387116,2,hold,,0
7/8/2020,308.4992676,306.9673993,308.6163477,305.1038237,3.197176918,0.199031842,2.998145076,0,hold,,0
7/9/2020,306.7430115,309.1432442,309.3969378,303.1328808,3.211230448,0.170468297,3.040762151,0,hold,,0
7/10/2020,309.875061,306.6747404,310.1580247,305.1624051,3.435495936,0.315787028,3.119708908,0,hold,,0
7/13/2020,307.191864,312.353367,314.8706802,306.4991198,3.358007358,0.19063876,3.167368598,0,hold,,0
7/14/2020,311.1727295,305.6892269,311.9923204,304.4208187,3.576590961,0.327377891,3.24921307,0,hold,,0
7/15/2020,314.0315552,314.5779492,315.1926498,311.5142124,3.935141521,0.54874276,3.386398761,0,hold,,0
7/16/2020,312.9972839,312.0215762,313.4753712,311.3385689,4.088706316,0.561846044,3.526860272,0,hold,,0
7/17/2020,313.9047241,314.0608409,314.7340817,311.9728119,4.234814061,0.566363031,3.668451029,0,hold,,0
7/20/2020,316.4416199,313.6218095,317.231941,312.8314884,4.503399402,0.667958698,3.835440704,0,hold,,0
7/21/2020,317.1147766,318.5197981,318.9881188,316.0707622,4.716207835,0.704613704,4.01159413,0,hold,,0
7/22/2020,318.9197693,316.7341938,319.2515361,316.6171137,4.97318015,0.769268816,4.203911334,0,hold,,0
7/23/2020,315.1145935,318.5393375,319.280885,313.670565,4.814290532,0.488303358,4.325987173,0,hold,,0
7/24/2020,313.085144,313.1534507,314.1681655,311.4947355,4.47304725,0.117648061,4.355399189,0,hold,,0
7/27/2020,315.3682251,313.8168535,315.5536119,312.9777295,4.336842629,-0.014845248,4.351687877,-2,sell,0,0
7/28/2020,313.368103,314.5974747,315.7781026,313.0558694,4.021153001,-0.264427901,4.285580902,0,hold,,0
7/29/2020,317.2220764,314.2949534,317.8172736,314.2559167,4.03543219,-0.200118969,4.235551159,0,hold,,0
7/30/2020,316.0903015,314.0803458,316.5293819,311.8752663,3.910347719,-0.260162752,4.170510471,0,hold,,0
7/31/2020,318.5880737,317.9831397,318.6954171,313.5241483,3.967037183,-0.16277863,4.129815814,0,hold,,0
8/3/2020,320.802948,320.3443642,321.6127723,319.7687002,4.142928731,0.010490334,4.132438397,2,hold,,0
8/4/2020,322.0421448,319.8955755,322.0421448,319.8955755,4.332375941,0.159950035,4.172425906,0,hold,,0
8/5/2020,324.0422974,323.4178599,324.3155241,323.1348963,4.590987768,0.33484949,4.256138278,0,hold,,0
8/6/2020,326.208374,323.4276306,326.3352208,323.0861269,4.914077363,0.526351268,4.387726095,0,hold,,0
8/7/2020,326.4425354,325.1838641,326.7450024,324.2276598,5.129888895,0.59373024,4.536158655,0,hold,,0
8/10/2020,327.418335,326.9207144,327.6134587,324.8717216,5.318353292,0.62575571,4.692597583,0,hold,,0
8/11/2020,324.7155762,328.667211,329.3404519,323.9447884,5.189797879,0.397760237,4.792037642,0,hold,,0
8/12/2020,329.2428589,327.2914432,330.0624499,327.2621731,5.391085588,0.479238357,4.911847231,0,hold,,0
8/13/2020,328.6476135,328.4329566,330.0331316,327.6719058,5.4398688,0.422417255,5.017451545,0,hold,,0
8/14/2020,328.6573792,328.237832,329.2233063,327.4670146,5.416875483,0.319539151,5.097336333,0,hold,,0
8/17/2020,329.701416,329.7306861,330.1209632,328.6671682,5.420414993,0.258462929,5.161952065,0,hold,,0
8/18/2020,330.4136963,330.1209661,330.8625135,328.4329809,5.418237082,0.205028014,5.213209068,0,hold,,0
8/19/2020,329.0379333,330.8136988,331.3600928,328.4427361,5.245036978,0.025462328,5.21957465,0,hold,,0
8/20/2020,330.062439,327.213359,330.5697963,327.0767754,5.131293334,-0.070625053,5.201918387,-2,sell,0,0
8/21/2020,331.2332764,329.7111747,331.4674367,329.3501378,5.0771018,-0.099853269,5.17695507,0,hold,,0
8/24/2020,334.5897522,333.809168,334.6677957,331.2040447,5.244538394,0.054066659,5.190471734,2,hold,,0
8/25/2020,335.7605896,335.1849255,335.8483997,333.9555241,5.409354225,0.175105993,5.234248233,0,hold,,0
8/26/2020,339.12677,336.3850335,339.4097038,335.8093694,5.745365589,0.408893885,5.336471704,0,hold,,0
8/27/2020,339.8682861,340.0439362,341.4001545,338.112024,6.002300386,0.532662946,5.46963744,0,hold,,0
8/28/2020,342.0636597,340.9513682,342.2002731,339.6926966,6.310329806,0.672553893,5.637775913,0,hold,,0
8/31/2020,340.8244629,341.8392073,342.7661117,340.580536,6.380897503,0.594497272,5.786400231,0,hold,,0
9/1/2020,344.0345459,341.7025902,344.1418595,340.7561525,6.619543802,0.666514857,5.953028946,0,hold,,0
9/2/2020,349.0106506,346.0542575,350.0351318,344.8443598,7.128035226,0.940005024,6.188030202,0,hold,,0
9/3/2020,336.9997559,347.2251553,347.7227758,334.267756,6.487060715,0.239224411,6.247836304,0,hold,,0
9/4/2020,334.24823,337.7217474,339.3804328,326.735268,5.691451149,-0.445108125,6.136559273,-2,sell,0,0
9/8/2020,325.1155396,328.5305163,334.3164854,324.7935691,4.274716768,-1.489474004,5.764190772,0,hold,,0
9/9/2020,331.5357666,329.3501608,334.1408898,328.4329931,3.628179833,-1.708808751,5.336988584,0,hold,,0
9/10/2020,325.7790833,333.5164388,334.2091829,324.7643388,2.62106442,-2.172739332,4.793803751,0,hold,,0
9/11/2020,325.9449463,327.6622016,328.7842596,322.9592828,1.815375441,-2.382742648,4.198118089,0,hold,,0
9/14/2020,330.2380371,329.2915994,332.1114091,326.1010458,1.505918382,-2.153759766,3.659678148,0,hold,,0
9/15/2020,331.9065552,332.8334598,333.7115909,330.2478399,1.379405963,-1.824217748,3.203623711,0,hold,,0
9/16/2020,330.5893555,333.2140121,334.7263474,330.2966252,1.15949106,-1.635306121,2.794797181,0,hold,,0
9/17/2020,327.6817017,325.4570891,329.4965336,324.9009285,0.742029895,-1.642213829,2.384243723,0,hold,,0
9/18/2020,323.9091797,328.5329563,328.6505052,321.2838228,0.105561076,-1.822946118,1.928507194,0,hold,,0
9/21/2020,320.3042297,319.0601313,320.4609715,315.1710645,-0.681874161,-2.088305084,1.406430923,0,hold,,0
9/22/2020,323.5663452,321.8716329,324.1541193,319.2168586,-1.030814218,-1.949796113,0.918981895,0,hold,,0
9/23/2020,316.0625305,324.1541181,324.4480201,315.5335308,-1.891048037,-2.248023945,0.356975909,0,hold,,0
9/24/2020,316.9049683,314.6714507,320.1376809,313.2803863,-2.476266986,-2.266594315,-0.20967267,0,hold,,0
9/25/2020,322.0283508,316.003704,322.8609984,315.0828948,-2.497849411,-1.830541392,-0.667308018,0,hold,,0
9/28/2020,327.3770447,326.4268184,328.1313363,325.3786247,-2.059616765,-1.113846998,-0.945769768,0,hold,,0
9/29/2020,325.5940857,327.161473,327.9451518,324.8593757,-1.83503103,-0.71140901,-1.12362202,0,hold,,0
9/30/2020,328.0628052,326.2994828,331.3934854,326.0937723,-1.441226624,-0.254083683,-1.187142941,0,hold,,0
10/1/2020,330.1689148,330.8056575,331.8342397,328.1803008,-0.948257428,0.19110841,-1.139365838,2,hold,,0
10/2/2020,327.0341492,324.9377919,330.1395369,324.4381795,-0.801288422,0.270461933,-1.071750355,0,hold,,0
10/5/2020,332.8334656,329.208884,333.0293703,329.1599152,-0.214386742,0.68589089,-0.900277633,0,hold,,0
10/6/2020,328.1019592,332.9804455,335.1943817,327.5631837,-0.129562437,0.616572156,-0.746134593,0,hold,,0
10/7/2020,333.8131104,331.2269163,334.6653693,331.1975291,0.39396225,0.912077475,-0.518115225,0,hold,,0
10/8/2020,336.7715454,335.860512,336.8401255,334.8906742,1.035642084,1.243005847,-0.207363763,0,hold,,0
10/9/2020,339.7789917,338.5152818,340.2687985,337.8589574,1.76649075,1.579083611,0.18740714,0,hold,,0
10/12/2020,345.2452087,342.4631097,346.8027908,341.9439157,2.755013535,2.054085117,0.700928419,0,hold,,0
10/13/2020,342.9920959,345.0982591,345.2843881,341.9732895,3.31836554,2.093949697,1.224415843,0,hold,,0
10/14/2020,340.8369141,343.5994313,344.755368,340.0630409,3.54999872,1.860466301,1.689532418,0,hold,,0
10/15/2020,340.4156799,336.7029365,340.9250682,336.1347739,3.657419158,1.574309392,2.083109766,0,hold,,0
10/16/2020,340.2099609,341.8458986,343.5994151,340.023832,3.683489848,1.280304066,2.403185783,0,hold,,0
10/19/2020,335.0375977,341.5422153,342.2083452,334.0873714,3.249328334,0.676914041,2.572414293,0,hold,,0
10/20/2020,336.3796692,336.4580251,339.8083162,335.6547648,2.979203756,0.325431571,2.653772186,0,hold,,0
10/21/2020,335.7429504,336.3306946,338.6230166,335.4196612,2.682824272,0.023241669,2.659582603,0,hold,,0
10/22/2020,337.5845947,335.9682384,338.201756,333.7053336,2.566956422,-0.074100944,2.641057367,-2,sell,0,0
10/23/2020,338.7307129,338.8776489,338.9364233,336.1347434,2.538351933,-0.082164347,2.62051628,0,hold,,0
10/26/2020,332.4710693,335.155201,335.9878785,328.777907,1.987669136,-0.506277715,2.493946851,0,hold,,0
10/27/2020,331.3248596,332.8334727,333.1861192,331.0995378,1.442135467,-0.841449107,2.283584574,0,hold,,0
10/28/2020,320.0005493,325.3296491,331.3542662,319.4813554,0.094924671,-1.750927923,1.845852594,0,hold,,0
10/29/2020,323.2528687,320.2454481,326.60313,318.4625444,-0.702219848,-2.038457953,1.336238106,0,hold,,0
10/30/2020,319.8829956,321.5875135,322.9687721,316.0233161,-1.58758255,-2.339056525,0.751473974,0,hold,,0
11/2/2020,323.4684143,323.4684143,325.5843533,320.5687366,-1.977134372,-2.182886677,0.205752305,0,hold,,0
11/3/2020,329.1795349,326.8872428,331.3542782,323.5565628,-1.804219376,-1.607977345,-0.196242031,0,hold,,0
11/4/2020,336.536438,333.911051,340.8467315,332.6669526,-1.061308301,-0.692053016,-0.369255285,0,hold,,0
11/5/2020,343.0998535,342.1202399,345.010112,341.747982,0.056416525,0.340537448,-0.284120923,2,hold,,0
11/6/2020,343.0214539,342.796132,344.343938,340.5626145,0.925229831,0.967480603,-0.042250772,0,hold,,0
11/9/2020,347.3317261,356.5498918,356.9515369,346.8419194,1.939219466,1.585176191,0.354043275,0,hold,,0
11/10/2020,346.8223572,346.2835518,347.939101,343.3643229,2.670923006,1.853503785,0.817419221,0,hold,,0
11/11/2020,349.3987732,349.1342584,350.2706137,347.8215799,3.419283206,2.081491187,1.337792018,0,hold,,0
11/12/2020,346.0092468,348.3309258,349.4476995,344.0990186,3.696249541,1.886766018,1.809483523,0,hold,,0
11/13/2020,350.7996216,348.0272985,351.5833005,347.4787173,4.253261613,1.955022472,2.298239141,0,hold,,0
11/16/2020,355.1784668,353.620885,355.3841773,352.2592079,4.990506455,2.153813851,2.836692604,0,hold,,0
11/17/2020,353.2682495,352.6315067,354.5417651,351.0347317,5.35886606,2.017738765,3.341127295,0,hold,,0
11/18/2020,349.0166931,353.5523084,354.1302767,348.9775002,5.247241696,1.524891521,3.722350175,0,hold,,0
11/19/2020,350.486145,348.3505946,350.8779845,346.9301429,5.217210319,1.195888115,4.021322204,0,hold,,0
11/20/2020,348.0860596,350.2118341,350.4273502,348.0077036,4.942766265,0.737155249,4.205611016,0,hold,,0
11/23/2020,350.1726685,349.9963452,351.5049585,347.6354728,4.837871306,0.505808231,4.332063074,0,hold,,0
11/24/2020,355.8152161,352.8665699,356.3931844,351.9653422,5.150673966,0.654888714,4.495785253,0,hold,,0
11/25/2020,355.2666321,355.7270516,355.7564388,354.1106953,5.293288451,0.638002559,4.655285892,0,hold,,0
11/27/2020,356.256073,356.4225906,356.7556556,355.1882679,5.423630831,0.614675951,4.80895488,0,hold,,0
11/30/2020,354.6788635,355.4331552,355.7172514,351.847796,5.33812589,0.423336808,4.914789082,0,hold,,0
12/1/2020,358.558136,358.1173278,360.184298,357.4903608,5.519759128,0.483976037,5.035783091,0,hold,,0
12/2/2020,359.312439,357.3825992,359.4789565,356.7752436,5.659333452,0.498840288,5.160493163,0,hold,,0
12/3/2020,359.2144775,359.2046718,360.6838978,358.0487351,5.696378139,0.42870798,5.267670158,0,hold,,0
12/4/2020,362.3100586,359.8316376,362.3100586,359.7336703,5.907426702,0.511805235,5.395621467,0,hold,,0
12/7/2020,361.5655518,361.4969716,362.0847457,360.223486,5.946066181,0.440355771,5.50571041,0,hold,,0
12/8/2020,362.6235352,360.2234702,363.221085,360.1745015,5.992975374,0.389811971,5.603163403,0,hold,,0
12/9/2020,359.3712158,363.319057,363.4855746,358.4895697,5.701987298,0.079059116,5.622928182,0,hold,,0
12/10/2020,359.2537231,357.921433,360.3606615,357.0005938,5.39965264,-0.178620433,5.578273073,-2,sell,0,0
12/11/2020,358.832428,357.460975,359.2634603,355.8544243,5.067638662,-0.408507529,5.476146191,0,hold,,0
12/14/2020,357.2258301,361.1247022,362.2610275,357.0397011,4.621601227,-0.683635971,5.305237198,0,hold,,0
12/15/2020,362.0553589,359.9100029,362.0553589,358.460194,4.604735435,-0.560401411,5.165136846,0,hold,,0
12/16/2020,362.6235352,362.2806645,363.5933429,361.3500197,4.584370481,-0.464613092,5.048983573,0,hold,,0
12/17/2020,364.6513367,364.3574646,364.8668528,363.4855942,4.677933438,-0.296840108,4.974773546,0,hold,,0
12/18/2020,363.195343,364.9563344,365.1334092,361.0703544,4.581780325,-0.314394577,4.896174902,0,hold,,0
12/21/2020,361.896698,359.0535627,372.32487,356.1612199,4.350637054,-0.436430278,4.787067332,0,hold,,0
12/22/2020,361.2867432,362.2410199,362.3590698,360.0963666,4.071304624,-0.572610166,4.643914791,0,hold,,0
12/23/2020,361.6114197,362.3099016,363.6281756,361.2670874,3.831957916,-0.649565499,4.481523416,0,hold,,0
12/24/2020,363.0182495,362.1131502,363.047762,361.4933881,3.712992273,-0.614824914,4.327817187,0,hold,,0
12/28/2020,366.1368713,365.7138191,366.550046,365.0546971,3.826251219,-0.401252775,4.227503994,0,hold,,0
12/29/2020,365.4383545,367.7502653,367.9371876,364.8185624,3.815660716,-0.329474622,4.145135338,0,hold,,0
12/30/2020,365.9597473,366.3040796,367.051769,365.5465726,3.805472591,-0.271730198,4.077202789,0,hold,,0
12/31/2020,367.8191223,365.7531589,368.5864767,365.2120869,3.902449443,-0.139802677,4.042252119,0,hold,,0
1/4/2021,362.811676,369.2259717,369.3637166,358.9060312,3.534501695,-0.40620034,3.940702034,0,hold,,0
1/5/2021,365.3104858,362.1328655,366.4615326,362.083658,3.405279579,-0.428337964,3.833617543,0,hold,,0
1/6/2021,367.4944458,363.7166989,370.8688656,363.1362668,3.439449604,-0.315334352,3.754783955,0,hold,,0
1/7/2021,372.9545288,370.0031609,373.7415482,369.8162385,3.862587161,0.086242565,3.776344597,2,hold,,0
1/8/2021,375.0794983,374.4203463,375.3057506,370.9869314,4.319600338,0.434604593,3.884995745,0,hold,,0
1/11/2021,372.5511475,371.7247681,374.4104935,371.5968707,4.426741077,0.433396265,3.993344811,0,hold,,0
1/12/2021,372.6298523,372.7479322,373.702179,370.2589165,4.466514507,0.378535756,4.08797875,0,hold,,0
1/13/2021,373.6333313,372.5511571,374.685963,371.7247777,4.526825183,0.351077146,4.175748037,0,hold,,0
1/14/2021,372.3248596,374.4203355,374.95159,371.9707099,4.418109879,0.193889474,4.224220405,0,hold,,0
1/15/2021,369.6096497,370.6131039,371.4591483,367.6420711,4.065987295,-0.126586488,4.192573783,-2,sell,0,0
1/19/2021,372.5118408,372.2068685,373.0824555,370.642647,3.975285565,-0.173830575,4.14911614,0,hold,,0
1/20/2021,377.6668396,374.9318769,378.5522438,374.5187022,4.27014553,0.096823512,4.173322018,2,hold,,0
1/21/2021,378.0111694,378.2571167,378.7096814,377.0372277,4.479966452,0.245315547,4.234650905,0,hold,,0
1/22/2021,376.6732483,376.0534562,377.9029849,375.650099,4.486573562,0.201538126,4.285035436,0,hold,,0
1/25/2021,378.158783,377.4504535,378.5325977,372.3248896,4.55912522,0.219271827,4.339853393,0,hold,,0
1/26/2021,377.568512,379.1622459,379.5951156,377.3225646,4.516924699,0.141657045,4.375267654,0,hold,,0
1/27/2021,368.3405151,374.0563279,374.1547129,365.9794271,3.696250188,-0.543213973,4.239464161,-2,sell,0,0
1/28/2021,371.5083618,370.2589302,375.7386438,369.796578,3.263854792,-0.780487495,4.044342287,0,hold,,0
1/29/2021,364.0709229,369.5407891,370.5639384,362.3000841,2.294588569,-1.399802975,3.694391543,0,hold,,0
2/1/2021,370.1310425,367.6617218,371.2230341,364.3758693,1.992471145,-1.361536319,3.354007464,0,hold,,0
2/2/2021,375.3648071,373.4956134,377.0077485,370.2196081,2.150571526,-0.96274875,3.113320276,0,hold,,0
2/3/2021,375.6599426,376.2403747,377.4799588,374.3121561,2.273474981,-0.671876236,2.945351217,0,hold,,0
2/4/2021,379.9295654,376.7519154,379.9787429,375.7779737,2.684455006,-0.208716969,2.893171975,0,hold,,0
2/5/2021,381.4249573,381.9070345,382.1726468,379.8804308,3.095146341,0.161579493,2.933566848,2,hold,,0
2/8/2021,384.1795654,382.9596463,384.2287429,382.054577,3.601381554,0.534251765,3.067129789,0,hold,,0
2/9/2021,383.9237671,383.2941275,384.5534066,382.8612879,3.936557634,0.695542276,3.241015358,0,hold,,0
2/10/2021,383.7565002,385.7634387,385.9208486,381.2183372,4.140955696,0.71995227,3.421003426,0,hold,,0
2/11/2021,384.3763428,384.8977499,385.3404672,381.8086669,4.303352377,0.705879161,3.597473216,0,hold,,0
2/12/2021,386.2750244,383.530244,386.5307892,383.4515241,4.533006975,0.748427007,3.784579968,0,hold,,0
2/16/2021,385.9405212,387.573615,387.7802324,385.1830143,4.634593577,0.680010888,3.95458269,0,hold,,0
2/17/2021,386.0290833,384.0910172,386.2946955,383.0186605,4.668433115,0.57108034,4.097352775,0,hold,,0
2/18/2021,384.3861694,383.2744827,385.1731889,381.4544664,4.510685404,0.330666104,4.180019301,0,hold,,0
2/19/2021,383.7073059,385.7142443,386.0192166,383.2350763,4.281535716,0.081213132,4.200322584,0,hold,,0
2/22/2021,380.7559509,380.7854634,383.3039615,380.4706436,3.817774329,-0.306038604,4.123812933,-2,sell,0,0
2/23/2021,381.2183533,378.4243953,382.6448598,374.0367034,3.44780791,-0.540804018,3.988611928,0,hold,,0
2/24/2021,385.4191284,380.0673122,385.8716931,379.0244979,3.453761492,-0.427880349,3.881641841,0,hold,,0
2/25/2021,376.1321106,384.0811441,385.5273154,374.6072493,2.678222147,-0.962735755,3.640957902,0,hold,,0
2/26/2021,374.1940918,378.1194316,379.3294733,372.0986458,1.885485011,-1.404378313,3.289863324,0,hold,,0
3/1/2021,383.2646484,379.3393385,384.5829526,374.4007267,1.966484822,-1.058702802,3.025187623,0,hold,,0
3/2/2021,380.2739258,383.5007535,383.7467008,379.7426712,1.768959962,-1.004982129,2.773942091,0,hold,,0
3/3/2021,375.236908,379.5360622,380.5591814,375.1286755,1.192231542,-1.265368439,2.457599981,0,hold,,0
3/4/2021,370.5934448,375.0401617,377.7750948,365.8515731,0.356373396,-1.680981268,2.037354664,0,hold,,0
3/5/2021,377.4110718,374.2924467,378.5227584,366.5992376,0.241293826,-1.436848671,1.678142497,0,hold,,0
3/8/2021,375.5320435,378.4243863,381.3954191,375.2369187,-0.001512015,-1.343723609,1.342211594,0,hold,,0
3/9/2021,380.8936768,379.5950678,383.5892496,379.0638132,0.235981359,-0.884984188,1.120965547,0,hold,,0
3/10/2021,383.2646484,383.3728809,385.0551523,381.8775318,0.608499762,-0.409972628,1.01847239,0,hold,,0
3/11/2021,387.1505737,385.8716597,389.2362021,385.3895826,1.203412782,0.147952314,1.055460469,2,hold,,0
3/12/2021,387.6719971,385.714266,387.8195595,384.8583742,1.697393645,0.513546541,1.183847104,0,hold,,0
3/15/2021,389.9839172,387.9376187,390.259377,385.6749153,2.249498851,0.852521398,1.396977454,0,hold,,0
3/16/2021,389.4919739,390.6331729,391.3808323,388.6754121,2.617181251,0.976163038,1.641018213,0,hold,,0
3/17/2021,390.8201599,388.1344042,391.6662043,386.9243325,2.981378242,1.072288023,1.909090219,0,hold,,0
3/18/2021,385.1338196,388.0851873,390.2888656,384.4156426,2.77913075,0.696032425,2.083098325,0,hold,,0
3/19/2021,384.4212036,384.8160021,386.4840538,382.1214502,2.532156874,0.359246839,2.172910035,0,hold,,0
3/22/2021,387.4908142,384.9640674,388.951602,384.9048491,2.554671556,0.305409217,2.249262339,0,hold,,0
3/23/2021,384.4409485,386.8196496,388.3495053,383.6118625,2.299904066,0.040513382,2.259390684,0,hold,,0
3/24/2021,382.4866333,385.9214437,387.6487136,382.4372948,1.918190387,-0.272960238,2.191150625,-2,sell,0,0
3/25/2021,384.6383667,380.966683,385.4773023,378.9136823,1.768915493,-0.337788106,2.106703598,0,hold,,0
3/26/2021,390.8368225,385.8523964,391.2612302,385.2207247,2.126267358,0.015651008,2.11061635,2,hold,,0
3/29/2021,390.6394043,389.2773236,391.5968066,387.707979,2.366264462,0.204518489,2.161745973,0,hold,,0
3/30/2021,389.6030273,389.2970562,390.3136768,387.9152161,2.44465646,0.22632839,2.21832807,0,hold,,0
3/31/2021,391.182251,390.2051192,392.8305734,390.1755101,2.604193312,0.308692194,2.295501119,0,hold,,0
4/1/2021,395.4066162,393.2253295,395.4658646,393.0081858,3.036495556,0.59279555,2.443700006,0,hold,,0
4/5/2021,401.0819397,398.2196126,401.6544232,398.140665,3.793322316,1.079697848,2.713624468,0,hold,,0
4/6/2021,400.8450623,400.4897526,401.9505102,400.1344128,4.324152803,1.288422668,3.035730135,0,hold,,0
4/7/2021,401.3089905,400.667439,401.6741799,400.1838131,4.72777606,1.35363674,3.37413932,0,hold,,0
4/8/2021,403.2138977,402.6315646,403.273116,401.6445531,5.142085729,1.414357127,3.727728602,0,hold,,0
4/9/2021,406.1452942,403.0855831,406.3229791,402.9572668,5.641931648,1.531362437,4.110569211,0,hold,,0
4/12/2021,406.293396,405.5136485,406.5796076,404.8720971,5.981067693,1.496398785,4.484668907,0,hold,,0
4/13/2021,407.4975281,406.1848161,408.158839,405.7801378,6.274668376,1.431999575,4.842668801,0,hold,,0
4/14/2021,406.1058655,407.467916,408.5832437,405.533382,6.322175389,1.18360527,5.138570119,0,hold,,0
4/15/2021,410.4684448,408.3661056,410.7546866,408.3167671,6.635360428,1.197432248,5.437928181,0,hold,,0
4/16/2021,411.8403931,411.8305133,412.4819445,410.3302668,6.914559844,1.18130533,5.733254513,0,hold,,0
4/19/2021,409.8170166,410.8533967,411.3271429,408.4154772,6.893098473,0.927875168,5.965223305,0,hold,,0
4/20/2021,406.8164673,408.5338573,409.6985235,405.2569725,6.558370121,0.474517452,6.083852668,0,hold,,0
4/21/2021,410.6658325,406.165063,410.8829762,406.0169872,6.528451172,0.355678803,6.172772369,0,hold,,0
4/22/2021,406.9151917,410.4881983,411.3666228,405.7900143,6.131415674,-0.033085356,6.16450103,-2,sell,0,0
4/23/2021,411.3271179,407.5073887,412.8175148,407.428441,6.102422828,-0.049662562,6.15208539,0,hold,,0
4/26/2021,412.1858215,412.0180465,412.7879142,411.3962245,6.078664928,-0.058736369,6.137401297,0,hold,,0
4/27/2021,412.0969849,412.5016631,412.7089572,410.8928298,5.983691968,-0.122967464,6.106659431,0,hold,,0
4/28/2021,411.9785461,412.3832244,413.5676501,411.4850404,5.831644629,-0.220011842,6.051656471,0,hold,,0
4/29/2021,414.6040344,414.860667,415.2554656,411.0310577,5.855502392,-0.156923263,6.012425655,0,hold,,0
4/30/2021,411.8798828,412.2056135,413.1037975,410.9323602,5.590153761,-0.337817515,5.927971276,0,hold,,0
5/3/2021,412.7681885,413.9821932,414.3868715,412.2450736,5.389416068,-0.430844166,5.820260235,0,hold,,0
5/4/2021,410.2217102,410.6658774,411.1889923,406.3230329,4.967587232,-0.682138402,5.649725634,0,hold,,0
5/5/2021,410.3499756,411.9588089,412.2055618,409.7577627,4.59071587,-0.847207811,5.437923681,0,hold,,0
5/6/2021,413.6268921,410.4289545,413.765058,408.306886,4.504536879,-0.746709442,5.251246321,0,hold,,0
5/7/2021,416.6372375,414.4362215,417.3281576,413.7156923,4.625825491,-0.500336664,5.126162155,0,hold,,0
5/10/2021,412.5115356,417.0123051,417.2491782,412.3832193,4.3390204,-0.629713404,4.968733804,0,hold,,0
5/11/2021,408.8299866,407.7344184,409.8762163,404.7338953,3.771183204,-0.95804048,4.729223684,0,hold,,0
5/12/2021,400.1443176,405.8887315,407.2310526,398.7526279,2.590446189,-1.711021996,4.301468185,0,hold,,0
5/13/2021,404.9510498,401.7827515,406.9941707,401.7333829,2.0192896,-1.825742868,3.845032468,0,hold,,0
5/14/2021,411.1691589,407.8429356,412.0673428,407.8133265,2.044821894,-1.440168459,3.484990353,0,hold,,0
5/17/2021,410.1229858,409.9946997,410.9817111,407.9910375,1.958067611,-1.221538194,3.179605805,0,hold,,0
5/18/2021,406.5895081,410.3993579,410.6559905,406.4217029,1.585910699,-1.274956085,2.860866783,0,hold,,0
5/19/2021,405.5234985,401.6347012,405.7110331,400.0653266,1.191223917,-1.335714293,2.52693821,0,hold,,0
5/20/2021,409.8861084,406.4512978,411.2185799,406.3230116,1.216435643,-1.048402054,2.264837697,0,hold,,0
5/21/2021,409.5505066,411.4554313,412.7681733,409.0668807,1.19555425,-0.855426757,2.050981007,0,hold,,0
5/24/2021,413.7255859,411.9193382,414.860643,411.6627056,1.498624398,-0.441885288,1.940509685,0,hold,,0
5/25/2021,412.8076477,414.870498,415.2455671,412.1957054,1.645768337,-0.235793079,1.881561416,0,hold,,0
5/26/2021,413.6268921,413.4294778,414.1598566,412.3339095,1.807649683,-0.059129386,1.866779069,0,hold,,0
5/27/2021,413.8440552,414.7126301,415.2554744,413.5479337,1.931203352,0.051539427,1.879663926,2,hold,,0
5/28/2021,414.5843201,415.5022335,415.7785956,414.3375672,2.065049115,0.148308151,1.916740964,0,hold,,0
6/1/2021,414.2190857,417.0814127,417.2294584,413.7551891,2.1172452,0.160403389,1.956841811,0,hold,,0
6/2/2021,414.8704834,414.9099723,415.7588177,413.8440132,2.185974767,0.183306365,2.002668402,0,hold,,0
6/3/2021,413.3307495,412.4227159,414.5349046,410.8731008,2.092083551,0.071532119,2.020551432,0,hold,,0
6/4/2021,417.1110535,415.2850762,417.4269044,413.3998807,2.296243358,0.220553541,2.075689817,0,hold,,0
6/7/2021,416.7063599,417.1011584,417.288693,415.7193484,2.397746357,0.257645232,2.140101125,0,hold,,0
6/8/2021,416.7951965,417.6144028,417.71311,414.8606625,2.457033439,0.253545851,2.203487588,0,hold,,0
6/9/2021,416.1733704,417.6834967,417.7624745,415.9364973,2.425878684,0.177912877,2.247965807,0,hold,,0
6/10/2021,418.1079102,417.4663587,419.1146811,416.074669,2.52814661,0.224144643,2.304001968,0,hold,,0
6/11/2021,418.7988281,418.6902713,418.9172647,417.3281907,2.634576229,0.264459409,2.37011682,0,hold,,0
6/14/2021,419.7365112,418.9172748,419.845068,417.6045628,2.762738529,0.314097367,2.448641162,0,hold,,0
6/15/2021,418.9666443,419.8944375,419.9338963,418.0388511,2.770252501,0.257289071,2.51296343,0,hold,,0
6/16/2021,416.6273499,419.1146378,419.3515108,414.4658227,2.557959304,0.0359967,2.521962605,0,hold,,0
6/17/2021,416.4891968,416.1931054,417.5255467,413.8736226,2.351461434,-0.136400936,2.48786237,-2,sell,0,0
6/18/2021,410.8706055,413.0194105,413.7521788,410.6527513,1.714671358,-0.61855281,2.333224168,0,hold,,0
6/21/2021,416.752594,412.7322201,416.9506542,411.8707157,1.665439798,-0.534227496,2.199667294,0,hold,,0
6/22/2021,418.9806213,416.7426985,419.8619498,415.980194,1.785623067,-0.331235382,2.116858448,0,hold,,0
6/23/2021,418.475647,419.0598852,419.9114776,418.386529,1.819151911,-0.23816523,2.057317141,0,hold,,0
6/24/2021,420.9512329,420.7432909,421.396823,420.4759066,2.022172512,-0.028115703,2.050288215,0,hold,,0
6/25/2021,422.4464722,421.7434099,422.9217985,421.3968197,2.277467881,0.181743732,2.095724148,2,hold,,0
6/28/2021,423.2980957,423.0010356,423.4763317,421.7335291,2.51946735,0.338994562,2.180472789,0,hold,,0
6/29/2021,423.5258789,423.7041149,424.3774712,422.9614346,2.698526936,0.414443317,2.284083618,0,hold,,0
6/30/2021,423.8823547,423.0406443,424.5953291,423.0109382,2.836500159,0.441933233,2.394566926,0,hold,,0
7/1/2021,426.2292175,424.6844447,426.3975717,424.6151207,3.099488176,0.563937,2.535551176,0,hold,,0
7/2/2021,429.4870911,427.4571102,429.8633873,426.3183095,3.530098464,0.79563783,2.734460634,0,hold,,0
7/6/2021,428.704834,429.5465445,429.7743107,425.8133485,3.76483988,0.824303397,2.940536483,0,hold,,0
7/7/2021,430.2198486,429.4276684,430.5169389,427.2986575,4.026705806,0.868935458,3.157770348,0,hold,,0
7/8/2021,426.7144165,424.5952875,427.5165088,423.3475749,3.906347421,0.598861659,3.307485762,0,hold,,0
7/9/2021,431.2695313,428.3087218,431.5864155,426.5064769,4.130903738,0.658734381,3.472169358,0,hold,,0
7/12/2021,432.8143005,431.1804098,433.0816848,430.7249076,4.382991807,0.72865796,3.654333848,0,hold,,0
7/13/2021,431.3388672,431.9825175,433.5669084,431.061601,4.412849694,0.606812677,3.806037017,0,hold,,0
7/14/2021,431.9824829,433.1311655,433.6461098,430.6654764,4.437296304,0.505007429,3.932288874,0,hold,,0
7/15/2021,430.5070496,430.5664616,431.2794359,428.4968626,4.288183764,0.284715912,4.003467852,0,hold,,0
7/16/2021,427.1303406,431.7547771,431.804277,426.7144565,3.853122412,-0.120276353,3.973398764,-2,sell,0,0
7/19/2021,420.8225098,422.0306044,427.1996611,417.8517882,2.965163368,-0.806588317,3.771751685,0,hold,,0
7/20/2021,426.8530579,421.5255593,428.1998006,420.6838488,2.716747288,-0.844003517,3.560750805,0,hold,,0
7/21/2021,430.3089905,428.1205675,430.4575507,426.8035609,2.766846155,-0.63512372,3.401969875,0,hold,,0
7/22/2021,431.210144,430.4971696,431.4676163,429.4574291,2.846453288,-0.44441327,3.290866558,0,hold,,0
7/23/2021,435.6464233,433.2500279,436.0028954,432.5271717,3.230276561,-0.048471998,3.278748558,0,hold,,0
7/26/2021,436.7158813,435.0225784,436.7257934,434.9730785,3.579493421,0.24059589,3.338897531,2,hold,,0
7/27/2021,434.7254639,435.6166742,435.6463802,431.7349184,3.653524684,0.251701723,3.401822962,0,hold,,0
7/28/2021,434.5472107,435.3889211,436.0028654,433.0420561,3.655671151,0.203078551,3.452592599,0,hold,,0
7/29/2021,436.3494568,435.5275705,437.4882273,435.5176584,3.759461704,0.245495284,3.51396642,0,hold,,0
7/30/2021,434.2303772,433.6362268,435.7652379,433.4975787,3.628892835,0.091941132,3.536951703,0,hold,,0
8/2/2021,433.3193359,436.0424973,436.6267356,432.9430397,3.412564728,-0.09950958,3.512074308,-2,sell,0,0
8/3/2021,436.8446045,434.1610611,436.9733406,431.8439019,3.485405273,-0.021335228,3.506740501,0,hold,,0
8/4/2021,434.6958008,435.4879811,436.8148998,434.4482406,3.331339816,-0.140320548,3.471660364,0,hold,,0
8/5/2021,437.4486694,435.9236905,437.5377875,435.5870124,3.392271333,-0.063511225,3.455782558,0,hold,,0
8/6/2021,438.1715088,437.7853307,438.6171291,437.4882404,3.459013737,0.002584943,3.456428794,2,hold,,0
8/9/2021,437.815033,438.141799,438.4784772,437.0030285,3.443449016,-0.010383822,3.453832838,-2,sell,0,0
8/10/2021,438.3596497,438.2903256,439.1122421,437.5674694,3.435458057,-0.014699825,3.450157882,0,hold,,0
8/11/2021,439.4489441,439.4885622,439.5479742,438.3002614,3.476942097,0.021427372,3.455514725,2,hold,,0
8/12/2021,440.7659302,439.2904815,440.9144904,438.3398591,3.574879285,0.095491648,3.479387637,0,hold,,0
8/13/2021,441.5680542,441.2412579,441.5878481,440.7263437,3.674858436,0.156376639,3.518481797,0,hold,,0
8/16/2021,442.6077881,440.1915989,442.746406,438.5477961,3.794252686,0.220616712,3.573635975,0,hold,,0
8/17/2021,439.7064209,439.9044509,440.6174253,436.5475511,3.613107748,0.031577419,3.581530329,0,hold,,0
8/18/2021,434.8938293,438.6369373,440.2906523,434.6363874,3.046099622,-0.428344566,3.474444188,-2,sell,0,0
8/19/2021,435.5671692,432.0122094,436.834706,431.8636794,2.620862819,-0.682865095,3.303727914,0,hold,,0
8/20/2021,439.0329895,435.9335623,439.3795797,435.4186179,2.534308394,-0.615535616,3.14984401,0,hold,,0
8/23/2021,442.894989,440.8154779,443.8555235,439.1122629,2.745693824,-0.323320149,3.069013973,0,hold,,0
8/24/2021,443.5980225,443.5980225,444.1624668,443.0534023,2.936101671,-0.106329841,3.042431513,0,hold,,0
8/25/2021,444.5288696,443.7961013,445.0734898,443.3999809,3.126077375,0.06691669,3.059160685,2,hold,,0
8/26/2021,441.9047546,444.2317957,444.4793559,441.8057245,3.029962815,-0.023358296,3.053321111,-2,sell,0,0
8/27/2021,445.8558044,442.7563467,446.2518946,442.6969347,3.235313354,0.145593794,3.08971956,2,hold,,0
8/30/2021,447.8164673,446.5687546,448.6482657,446.3112824,3.515737013,0.340813963,3.17492305,0,hold,,0
8/31/2021,447.1530151,447.7174595,448.0739316,446.5192769,3.642451822,0.374023018,3.268428805,0,hold,,0
9/1/2021,447.3906555,448.143248,448.6878682,447.1430954,3.719177452,0.360598918,3.358578534,0,hold,,0
9/2/2021,448.7670898,448.8958259,449.6186822,447.4995832,3.846707365,0.390503064,3.4562043,0,hold,,0
9/3/2021,448.6581421,447.5689017,449.2027925,447.1430754,3.894095853,0.350313242,3.543782611,0,hold,,0
9/7/2021,447.0539551,448.2917557,448.3907858,446.3409807,3.758877091,0.172075584,3.586801507,0,hold,,0
9/8/2021,446.5093384,446.4895444,447.2619308,444.4793273,3.566655053,-0.016117163,3.582772216,-2,sell,0,0
9/9/2021,444.5982056,446.3014205,448.1531655,444.3407334,3.22295306,-0.287855325,3.510808385,0,hold,,0
9/10/2021,441.0927429,446.6380959,447.083686,440.9640068,2.637304016,-0.698803495,3.336107511,0,hold,,0
9/13/2021,442.2216187,444.261542,444.5388082,439.7757232,2.238460191,-0.878117856,3.116578047,0,hold,,0
9/14/2021,439.8351135,443.7465452,443.9643993,438.894373,1.710089718,-1.125190664,2.835280381,0,hold,,0
9/15/2021,443.5089111,440.2807175,444.0337374,439.112241,1.569702521,-1.012462288,2.582164809,0,hold,,0
9/16/2021,442.8058472,442.9543772,443.9842055,439.6865655,1.385739329,-0.957140384,2.342879713,0,hold,,0
9/17/2021,438.4924316,441.9892643,442.4362819,438.1149299,0.881726595,-1.168922495,2.05064909,0,hold,,0
9/20/2021,431.1809387,432.0154019,433.6843283,426.0350369,-0.10645634,-1.725684343,1.619228004,0,hold,,0
9/21/2021,430.7736511,433.6545425,435.0254572,430.2173423,-0.91195074,-2.024942995,1.112992255,0,hold,,0
9/22/2021,434.9757385,433.1776637,437.1314578,430.8928262,-1.197434243,-1.848341199,0.650906955,0,hold,,0
9/23/2021,440.2607117,436.9526601,441.9594695,436.7043069,-0.985864382,-1.30941707,0.323552688,0,hold,,0
9/24/2021,440.9859314,438.5322003,441.7409349,438.3037044,-0.751017311,-0.859655999,0.108638688,0,hold,,0
9/27/2021,439.7243042,439.8931674,441.1249897,438.989158,-0.659104341,-0.614194424,-0.044909918,0,hold,,0
9/28/2021,430.8630371,436.7937132,437.1414138,430.0881763,-1.2864633,-0.993242706,-0.293220594,0,hold,,0
9/29/2021,431.5882263,432.3233421,434.161162,430.9921725,-1.70547345,-1.129802285,-0.575671166,0,hold,,0
9/30/2021,426.3132324,433.1478878,433.8929475,425.955588,-2.435119395,-1.487558584,-0.947560811,0,hold,,0
10/1/2021,431.3796387,428.141133,433.1578564,424.4158344,-2.574870911,-1.30184808,-1.273022831,0,hold,,0
10/4/2021,425.8165283,430.1477941,431.101462,423.5515178,-3.098800464,-1.460622106,-1.638178358,0,hold,,0
10/5/2021,430.2471313,427.4059547,432.6213724,426.561578,-3.120534198,-1.185884672,-1.934649526,0,hold,,0
10/6/2021,432.0352783,426.4423587,432.2538304,424.7237737,-2.959356206,-0.819765344,-2.139590862,0,hold,,0
10/7/2021,435.7705078,435.5022972,438.7706039,435.3135464,-2.50138527,-0.289435526,-2.211949744,0,hold,,0
10/8/2021,434.9757385,436.5850928,436.9923957,434.3101689,-2.177470716,0.027583222,-2.205053938,2,hold,,0
10/11/2021,431.8266602,434.2803913,437.3599773,431.757114,-2.150085557,0.043974705,-2.194060262,0,hold,,0
10/12/2021,430.7637024,432.8002171,433.2273773,429.9292392,-2.1889219,0.004110689,-2.19303259,0,hold,,0
10/13/2021,432.3134155,431.8465103,433.1776799,428.6974084,-2.070780416,0.097801739,-2.168582155,0,hold,,0
10/14/2021,439.5852051,436.1877196,439.7441548,435.6910132,-1.37453501,0.635237716,-2.009772726,0,hold,,0
10/15/2021,442.9329834,441.8203659,443.320429,441.1647097,-0.54632014,1.170762069,-1.717082209,0,hold,,0
10/18/2021,444.2443237,441.0455329,444.6019378,440.3501318,0.213400371,1.544386063,-1.330985693,0,hold,,0
10/19/2021,447.6716003,445.962929,447.7411162,445.3171863,1.079592063,1.928462205,-0.848870142,0,hold,,0
10/20/2021,449.4299316,448.1583643,449.747831,448.0391597,1.886194979,2.188052097,-0.301857117,0,hold,,0
10/21/2021,450.6021729,448.794154,450.8405823,448.3371926,2.590165851,2.313618375,0.276547476,0,hold,,0
10/22/2021,450.1352539,450.1451977,451.6750621,448.0788819,3.074945326,2.23871828,0.836227046,0,hold,,0
10/25/2021,452.5492554,451.2876318,452.896956,449.4100971,3.61228611,2.220847251,1.391438859,0,hold,,0
10/26/2021,452.956543,454.1883956,455.4698764,452.5591839,4.024604128,2.106532215,1.918071913,0,hold,,0
10/27/2021,450.9498596,453.4433357,454.1486504,450.8703696,4.141703571,1.778905326,2.362798244,0,hold,,0
10/28/2021,455.3009949,452.4598183,455.3804546,452.4499048,4.533348356,1.736440089,2.796908267,0,hold,,0
10/29/2021,456.2248535,452.8671132,456.5328091,452.5591577,4.862228597,1.652256264,3.209972333,0,hold,,0
11/1/2021,457.0096741,457.2679408,457.6653302,455.181798,5.127095056,1.533698179,3.593396877,0,hold,,0
11/2/2021,458.8573914,457.188465,459.1852346,457.0493727,5.423579331,1.464145963,3.959433368,0,hold,,0
11/3/2021,461.658844,458.2613585,462.0860043,457.7944533,5.817538111,1.486483794,4.331054317,0,hold,,0
11/4/2021,463.8344421,462.2946339,463.9238457,461.9270759,6.233450533,1.521916973,4.71153356,0,hold,,0
11/5/2021,465.4437561,466.1888158,467.5497867,463.8443758,6.616649693,1.524092906,5.092556786,0,hold,,0
11/8/2021,465.841095,466.6060423,467.1325499,465.115923,6.873170087,1.42449064,5.448679446,0,hold,,0
11/9/2021,464.3013306,466.228554,466.4769073,462.8112112,6.87299067,1.139448979,5.733541691,0,hold,,0
11/10/2021,460.5660706,462.5131513,464.3013127,458.9964916,6.496555962,0.610411417,5.886144545,0,hold,,0
11/11/2021,460.7150879,462.1456049,462.2250949,460.6952305,6.139481081,0.202669229,5.936811852,0,hold,,0
11/12/2021,464.1920166,462.056185,464.7781266,461.0528283,6.067117797,0.104244756,5.962873041,0,hold,,0
11/15/2021,464.3509827,465.5530341,465.7218973,463.1589054,5.953963026,-0.007128012,5.961091038,-2,sell,0,0
11/16/2021,466.1888123,464.0728379,467.3908334,463.9933782,5.944065062,-0.013620781,5.957685843,0,hold,,0
11/17/2021,465.0563354,465.910656,466.0994069,464.4006793,5.778231583,-0.143563408,5.921794991,0,hold,,0
11/18/2021,466.6358643,466.1490713,466.9140187,463.2681799,5.708458574,-0.170669134,5.879127708,0,hold,,0
11/19/2021,465.8013916,466.5166198,467.8378759,465.413946,5.522171832,-0.2855647,5.807736533,0,hold,,0
11/22/2021,464.4900818,467.7882199,470.4207581,464.2715297,5.208684037,-0.479241996,5.687926033,0,hold,,0
11/23/2021,465.1059875,464.1423758,466.0099969,461.390633,4.952847802,-0.588062585,5.540910387,0,hold,,0
11/24/2021,466.3477478,462.9900074,466.4768963,462.125743,4.795021396,-0.596711193,5.391732589,0,hold,,0
11/26/2021,455.9467468,459.2945436,460.8442654,454.7546391,3.78701463,-1.283774367,5.070788997,0,hold,,0
11/29/2021,461.5396423,461.0131347,463.4867231,458.6885521,3.400265784,-1.33641857,4.736684354,0,hold,,0
11/30/2021,452.5592041,458.956786,460.9734131,452.300907,2.342119727,-1.915651702,4.257771429,0,hold,,0
12/1/2021,447.5325012,458.5991352,461.609175,447.323893,1.085406549,-2.537891904,3.623298453,0,hold,,0
12/2/2021,454.3870544,447.7610074,456.0460673,447.3437606,0.635234868,-2.390450868,3.025685736,0,hold,,0
12/3/2021,450.4332886,456.1454127,457.2679438,445.9629305,-0.040103012,-2.452630998,2.412527986,0,hold,,0
12/6/2021,455.7679138,453.1254319,457.7547396,450.5723534,-0.143202722,-2.044584567,1.901381845,0,hold,,0
12/7/2021,465.1954041,461.3509009,465.7914579,455.6288327,0.529703595,-1.0973426,1.627046195,0,hold,,0
12/8/2021,466.4272156,465.61264,466.9040647,463.7549324,1.149137058,-0.38232731,1.531464367,0,hold,,0
12/9/2021,463.2781067,465.0662378,466.5364998,463.0694985,1.370141631,-0.129058189,1.49919982,0,hold,,0
12/10/2021,467.6391602,466.1391274,467.7981099,463.4370432,1.875569518,0.301095758,1.57447376,2,hold,,0
12/13/2021,463.4966736,467.0928235,467.4603814,463.1986315,1.919731246,0.276205989,1.643525257,0,hold,,0
12/14/2021,460.3078003,460.0395897,462.6721279,457.2183006,1.678070557,0.02763624,1.650434317,0,hold,,0
12/15/2021,467.5001221,460.3674246,467.7583888,457.705055,2.043358415,0.314339278,1.729019137,0,hold,,0
12/16/2021,463.3774414,469.4571233,469.755135,461.7382859,1.977391659,0.198698018,1.778693641,0,hold,,0
12/17/2021,458.4457703,460.12056,463.3006829,456.6413783,1.509764262,-0.215143504,1.724907765,-2,sell,0,0
12/20/2021,453.5709534,453.0725019,453.9896356,449.7428494,0.737309947,-0.790078255,1.527388202,0,hold,,0
12/21/2021,461.6259155,457.1896849,461.7754449,454.8968201,0.766269389,-0.60889505,1.375164439,0,hold,,0
12/22/2021,466.2415771,461.3567584,466.3612006,461.1473869,1.148426923,-0.181390013,1.329816936,0,hold,,0
12/23/2021,469.1425476,467.298271,470.7276197,467.1886263,1.666167057,0.269080097,1.39708696,2,hold,,0
12/27/2021,475.7819214,470.5980138,475.8317544,470.5481808,2.58245291,0.94829276,1.63416015,0,hold,,0
12/28/2021,475.3931274,476.2405011,477.3271217,474.5856384,3.239896122,1.284588778,1.955307344,0,hold,,0
12/29/2021,476.0012512,475.5027997,477.0778931,474.446085,3.766576363,1.449015215,2.317561148,0,hold,,0
12/30/2021,474.6853333,476.4498406,477.5165341,474.1968605,4.031320117,1.371007175,2.660312942,0,hold,,0
12/31/2021,473.4890442,474.1669614,475.3831538,473.1999642,4.097369001,1.149644847,2.947724154,0,hold,,0
1/3/2022,476.2305298,474.8248929,476.3701108,472.3824988,4.321117046,1.098714314,3.222402732,0,hold,,0
1/4/2022,476.0710144,477.7358558,478.4935118,474.1071143,4.434449848,0.969637693,3.464812155,0,hold,,0
1/5/2022,466.9294434,475.6822507,476.4997185,466.829747,3.743466178,0.222923218,3.52054296,0,hold,,0
1/6/2022,466.4907837,466.4409507,469.3618691,463.9885475,3.124443829,-0.316879305,3.441323134,-2,sell,0,0
1/7/2022,464.6465149,466.5007703,467.746899,463.2109721,2.456727453,-0.787676544,3.244403997,0,hold,,0
1/10/2022,464.0683289,461.2670338,464.2975971,455.1859194,1.859467846,-1.107948921,2.967416767,0,hold,,0
1/11/2022,468.2951965,463.7892058,468.3948929,460.6190311,1.707524916,-1.007913481,2.715438397,0,hold,,0
1/12/2022,469.5612488,470.1294908,471.7345205,467.4877039,1.670017958,-0.836336351,2.506354309,0,hold,,0
1/13/2022,463.0913391,470.7276196,471.4154851,462.0047185,1.10548247,-1.120697471,2.226179941,0,hold,,0
1/14/2022,463.2807617,459.7616954,463.649611,458.475682,0.665695131,-1.248387848,1.914082979,0,hold,,0
1/18/2022,455.0762329,458.3161676,458.5354875,453.8998947,-0.340946195,-1.804023339,1.463077145,0,hold,,0
1/19/2022,450.3509216,456.7111675,458.1865645,450.0618112,-1.502687778,-2.372611938,0.86992416,0,hold,,0
1/20/2022,445.3664246,452.3447457,457.319282,443.1233928,-2.793383225,-2.930645909,0.137262683,0,hold,,0
1/21/2022,436.6235962,444.1801077,446.6723653,436.5936903,-4.470212028,-3.685979769,-0.784232259,0,hold,,0
1/24/2022,438.4778137,430.6920037,439.0161499,419.4569178,-5.585109411,-3.840701722,-1.74440769,0,hold,,0
1/25/2022,433.1244507,431.7188138,438.3581915,425.8271134,-6.822005445,-4.062078205,-2.759927241,0,hold,,0
1/26/2022,432.0378418,439.3551064,442.6648318,427.5318206,-7.800020934,-4.032074954,-3.767945979,0,hold,,0
1/27/2022,429.9044495,436.9027281,440.2224018,428.120015,-8.647568401,-3.903697937,-4.743870464,0,hold,,0
1/28/2022,440.5812988,431.3399884,440.6311318,426.4950544,-8.361339049,-2.893974868,-5.467364181,0,hold,,0
1/31/2022,448.5166321,439.8734697,448.8854813,438.4479057,-7.408781331,-1.55313372,-5.855647611,0,hold,,0
2/1/2022,451.5472412,449.2842519,452.225128,445.5558442,-6.336286877,-0.384511413,-5.951775464,0,hold,,0
2/2/2022,455.9335938,454.0893171,456.7011981,451.6468926,-5.073896582,0.702303105,-5.776199688,2,hold,,0
2/3/2022,445.2168884,449.5534226,451.5671557,444.3296301,-4.881916046,0.715426914,-5.597342959,0,hold,,0
2/4/2022,447.3103943,444.9676661,451.3777452,442.4554511,-4.508866257,0.870781362,-5.379647619,0,hold,,0
2/7/2022,445.8748474,448.1178792,449.5932761,444.4692105,-4.27972425,0.879938695,-5.159662945,0,hold,,0
2/8/2022,449.543457,445.3465038,450.520433,443.8411705,-3.758772631,1.120712251,-4.879484882,0,hold,,0
2/9/2022,456.1230164,453.810194,456.4619597,453.6008529,-2.782919506,1.677252301,-4.460171807,0,hold,,0
2/10/2022,447.9284668,449.9421999,456.2924672,445.8150373,-2.640344293,1.455862011,-4.096206304,0,hold,,0
2/11/2022,439.0958862,448.0181802,450.2113486,437.5806046,-3.203143995,0.714449848,-3.917593842,0,hold,,0
2/14/2022,437.6603394,438.5575764,440.2323661,433.9917437,-3.722097426,0.156397133,-3.878494559,0,hold,,0
2/15/2022,444.7184448,442.3557895,444.8978801,441.8074746,-3.523228055,0.284213203,-3.807441258,0,hold,,0
2/16/2022,445.2168884,442.555144,446.6723583,440.5713168,-3.287506089,0.415948136,-3.703454224,0,hold,,0
2/17/2022,435.7064209,441.847347,445.1869781,435.0684188,-3.824028954,-0.096459784,-3.72756917,-2,sell,0,0
2/18/2022,432.8851929,435.9755678,437.3014658,430.482653,-4.425858176,-0.558631205,-3.867226972,0,hold,,0
2/22/2022,428.239624,430.5524463,434.1512514,424.541092,-5.217526356,-1.080239508,-4.137286848,0,hold,,0
2/23/2022,420.643219,431.3200412,431.9181891,420.0450711,-6.384301242,-1.797611514,-4.586689727,0,hold,,0
2/24/2022,426.9735413,409.7470587,427.4321385,409.3682611,-6.720702567,-1.707210272,-5.013492295,0,hold,,0
2/25/2022,436.3942871,428.2794821,436.4840047,426.5349019,-6.156163166,-0.914136697,-5.242026469,0,hold,,0
2/28/2022,435.277771,430.692011,436.842916,429.3661434,-5.732771324,-0.392595884,-5.34017544,0,hold,,0
3/1/2022,428.6483765,433.6927034,435.8161117,425.7872392,-5.86456393,-0.419510792,-5.445053138,0,hold,,0
3/2/2022,436.5338745,431.0309504,438.3581936,430.2334402,-5.271945029,0.138486487,-5.410431516,2,hold,,0
3/3/2022,434.3605957,439.1058637,439.7438658,432.4565073,-4.920930296,0.391600976,-5.312531272,0,hold,,0
3/4/2022,430.8315735,430.4128608,432.0278388,426.5548512,-4.871357218,0.352939244,-5.224296461,0,hold,,0
3/7/2022,418.131012,430.2134713,430.9611485,418.0612215,-5.790154076,-0.452686091,-5.337467984,-2,sell,0,0
3/8/2022,414.9608765,418.3204347,425.8869249,413.8343712,-6.696912804,-1.087555856,-5.609356948,0,hold,,0
3/9/2022,426.0863037,423.8233449,428.179806,421.5105227,-6.443519744,-0.667330237,-5.776189507,0,hold,,0
3/10/2022,424.1622925,421.2114377,425.1093321,419.1378929,-6.325044371,-0.439083891,-5.88596048,0,hold,,0
3/11/2022,418.769043,426.7940998,427.4420807,418.2307068,-6.590372238,-0.563529407,-6.026842832,0,hold,,0
3/14/2022,415.7085571,419.5865245,423.2351627,414.502313,-6.96728756,-0.752355783,-6.214931777,0,hold,,0
3/15/2022,424.8501587,418.4699552,425.5180667,417.1241606,-6.45394773,-0.191212762,-6.262734968,0,hold,,0
3/16/2022,434.270874,428.5586394,434.3306858,423.4843764,-5.226699087,0.828828705,-6.055527792,2,hold,,0
3/17/2022,439.70401,432.2471647,439.70401,431.8484096,-3.772203416,1.826659501,-5.598862917,0,hold,,0
3/18/2022,444.519989,438,444.8599854,437.2200012,-2.205472545,2.714712297,-4.920184842,0,hold,,0
3/21/2022,444.3900146,444.3399963,446.4599915,440.6799927,-0.963211585,3.165578606,-4.128790191,0,hold,,0
3/22/2022,449.5899963,445.8599854,450.5799866,445.8599854,0.435859919,3.651720088,-3.215860169,0,hold,,0
3/23/2022,443.7999878,446.9100037,448.4899902,443.7099915,1.065150474,3.424808514,-2.35965804,0,hold,,0
3/24/2022,450.4899902,445.9400024,450.5,444.7600098,2.079721326,3.551503493,-1.471782167,0,hold,,0
3/25/2022,452.6900024,451.1600037,452.980011,448.4299927,3.02641204,3.598555366,-0.572143326,0,hold,,0
3/28/2022,455.9100037,452.0599976,455.9100037,450.0599976,3.990498457,3.650113426,0.340385031,0,hold,,0
3/29/2022,461.5499878,460.019989,462.0700073,457.1799927,5.150274316,3.847911428,1.302362888,0,hold,,0
3/30/2022,458.7000122,460.3399963,461.2000122,456.4700012,5.772889552,3.576421331,2.196468221,0,hold,,0
3/31/2022,451.6400146,457.8900146,458.7600098,451.1600037,5.631714908,2.748197349,2.883517558,0,hold,,0
4/1/2022,452.9200134,453.3099976,453.4599915,449.1400146,5.55903707,2.140415609,3.418621461,0,hold,,0
4/4/2022,456.7999878,453.1300049,456.9100037,452.2600098,5.748258519,1.863709647,3.884548872,0,hold,,0
4/5/2022,451.0299988,455.2200012,457.8299866,449.8200073,5.370717699,1.188935061,4.181782638,0,hold,,0
4/6/2022,446.519989,446.8900146,448.9299927,443.4700012,4.65394599,0.377730682,4.276215308,0,hold,,0
